user,date,total_events,unique_event_types,total_data_mb,max_data_mb,off_hours_activity,risky_event_count,actual_label,avg_events,avg_data_mb,avg_off_hours,event_deviation,data_deviation,off_hours_deviation,anomaly,risk_score,risk_level
henry,2026-07-12,18,7,0.9277095794677734,0.187896728515625,6,6,1,12.733333333333333,0.3987883567810059,2.033333333333333,5.2666666666666675,0.5289212226867676,3.966666666666667,-1,100.0,High
charlie,2026-07-16,2,2,0.037830352783203125,0.02232646942138672,0,0,0,12.633333333333333,0.3254096031188965,1.3666666666666667,-10.633333333333333,-0.28757925033569337,-1.3666666666666667,-1,92.82665696575741,High
henry,2026-07-25,23,5,0.7587747573852539,0.17061996459960938,4,4,1,12.733333333333333,0.3987883567810059,2.033333333333333,10.266666666666667,0.359986400604248,1.9666666666666668,-1,81.1977415445364,High
emma,2026-07-02,13,5,0.8571481704711914,0.18355846405029297,5,5,1,11.733333333333333,0.30829159418741864,1.2666666666666666,1.2666666666666675,0.5488565762837727,3.7333333333333334,-1,78.81336554884325,High
frank,2026-07-05,18,7,0.8736915588378906,0.18326282501220703,5,5,1,12.0,0.3260814666748047,1.3,6.0,0.547610092163086,3.7,-1,78.40525934730417,High
grace,2026-07-03,16,7,0.6556806564331055,0.14480876922607422,5,5,1,13.866666666666667,0.4211228052775065,1.9666666666666666,2.133333333333333,0.23455785115559896,3.033333333333333,-1,69.30384561409016,Medium
grace,2026-07-24,22,6,0.6408710479736328,0.1229705810546875,4,4,1,13.866666666666667,0.4211228052775065,1.9666666666666666,8.133333333333333,0.2197482426961263,2.033333333333333,-1,61.859721752235274,Medium
bob,2026-07-03,23,5,0.5889902114868164,0.18085956573486328,2,2,1,13.3,0.3794918378194173,1.9333333333333333,9.7,0.2094983736673991,0.06666666666666665,-1,59.87876370005942,Medium
bob,2026-07-11,5,3,0.09046363830566406,0.02711009979248047,0,0,0,13.3,0.3794918378194173,1.9333333333333333,-8.3,-0.28902819951375325,-1.9333333333333333,-1,57.76606944479165,Medium
grace,2026-07-09,20,7,0.7682857513427734,0.1893320083618164,4,4,1,13.866666666666667,0.4211228052775065,1.9666666666666666,6.133333333333333,0.34716294606526693,2.033333333333333,-1,55.855785921652135,Medium
bob,2026-06-28,7,6,0.5229949951171875,0.1899852752685547,4,4,1,13.3,0.3794918378194173,1.9333333333333333,-6.300000000000001,0.1435031572977702,2.0666666666666664,-1,54.74073349104073,Medium
bob,2026-07-23,17,7,0.5613622665405273,0.113983154296875,4,4,1,13.3,0.3794918378194173,1.9333333333333333,3.6999999999999993,0.18187042872111003,2.0666666666666664,-1,52.307243770432756,Medium
david,2026-07-15,7,6,0.6041946411132812,0.16999149322509766,4,4,1,11.1,0.31158746083577477,1.4,-4.1,0.2926071802775065,2.6,-1,51.100113260825374,Medium
frank,2026-06-30,6,3,0.2805805206298828,0.17473983764648438,1,1,1,12.0,0.3260814666748047,1.3,-6.0,-0.045500946044921886,-0.30000000000000004,-1,49.05898339534629,Medium
grace,2026-07-20,7,6,0.47844886779785156,0.1889333724975586,3,3,1,13.866666666666667,0.4211228052775065,1.9666666666666666,-6.866666666666667,0.057326062520345056,1.0333333333333334,-1,48.718656583709155,Medium
alice,2026-07-21,7,2,0.07820987701416016,0.02234363555908203,0,0,0,12.633333333333333,0.30073706309000653,1.1666666666666667,-5.633333333333333,-0.22252718607584637,-1.1666666666666667,-1,46.84417158009055,Medium
charlie,2026-07-14,19,7,0.6356525421142578,0.15755176544189453,4,4,1,12.633333333333333,0.3254096031188965,1.3666666666666667,6.366666666666667,0.3102429389953613,2.6333333333333333,-1,46.63344760585586,Medium
alice,2026-07-14,19,7,0.5593996047973633,0.14173221588134766,3,3,1,12.633333333333333,0.30073706309000653,1.1666666666666667,6.366666666666667,0.25866254170735675,1.8333333333333333,-1,45.40002171441145,Medium
frank,2026-07-02,8,2,0.09518814086914062,0.02206134796142578,0,0,0,12.0,0.3260814666748047,1.3,-4.0,-0.23089332580566407,-1.3,-1,45.24966231523956,Medium
charlie,2026-07-06,21,5,0.4243745803833008,0.18991947174072266,1,1,1,12.633333333333333,0.3254096031188965,1.3666666666666667,8.366666666666667,0.09896497726440429,-0.3666666666666667,-1,45.19461331074945,Medium
henry,2026-07-07,15,7,0.7159461975097656,0.1796121597290039,4,4,1,12.733333333333333,0.3987883567810059,2.033333333333333,2.2666666666666675,0.31715784072875974,1.9666666666666668,-1,43.08343083814921,Medium
bob,2026-07-24,6,4,0.20518207550048828,0.15050315856933594,1,1,1,13.3,0.3794918378194173,1.9333333333333333,-7.300000000000001,-0.17430976231892903,-0.9333333333333333,-1,42.1286133990325,Medium
alice,2026-07-02,12,6,0.7151517868041992,0.18177127838134766,4,4,1,12.633333333333333,0.30073706309000653,1.1666666666666667,-0.6333333333333329,0.4144147237141927,2.833333333333333,-1,41.46720372562191,Medium
emma,2026-07-16,20,6,0.509129524230957,0.15917682647705078,2,2,1,11.733333333333333,0.30829159418741864,1.2666666666666666,8.266666666666667,0.2008379300435384,0.7333333333333334,-1,40.14838120707347,Medium
david,2026-07-07,16,4,0.2511892318725586,0.02848339080810547,0,0,0,11.1,0.31158746083577477,1.4,4.9,-0.06039822896321617,-1.4,-1,38.51415254007346,Normal
henry,2026-06-30,12,5,0.618535041809082,0.19072246551513672,4,4,1,12.733333333333333,0.3987883567810059,2.033333333333333,-0.7333333333333325,0.21974668502807615,1.9666666666666668,-1,37.76363622937658,Normal
frank,2026-07-12,16,4,0.27486324310302734,0.028182029724121094,0,0,0,12.0,0.3260814666748047,1.3,4.0,-0.051218223571777355,-1.3,-1,37.395973043721305,Normal
emma,2026-07-20,6,4,0.1246023178100586,0.04981803894042969,1,1,1,11.733333333333333,0.30829159418741864,1.2666666666666666,-5.7333333333333325,-0.18368927637736004,-0.2666666666666666,-1,37.39126840199175,Normal
david,2026-07-04,16,4,0.20890140533447266,0.02741241455078125,0,0,0,11.1,0.31158746083577477,1.4,4.9,-0.10268605550130211,-1.4,-1,37.38003036118081,Normal
emma,2026-06-29,19,5,0.3808021545410156,0.0897970199584961,1,1,1,11.733333333333333,0.30829159418741864,1.2666666666666666,7.2666666666666675,0.07251056035359699,-0.2666666666666666,1,37.3220382257351,Normal
alice,2026-07-15,15,4,0.2694234848022461,0.026300430297851562,0,0,0,12.633333333333333,0.30073706309000653,1.1666666666666667,2.366666666666667,-0.031313578287760435,-1.1666666666666667,1,36.39790375209842,Normal
grace,2026-07-16,20,6,0.5078392028808594,0.14988040924072266,3,3,1,13.866666666666667,0.4211228052775065,1.9666666666666666,6.133333333333333,0.08671639760335287,1.0333333333333334,1,36.31651050670378,Normal
grace,2026-07-12,20,6,0.6375036239624023,0.17276477813720703,3,3,1,13.866666666666667,0.4211228052775065,1.9666666666666666,6.133333333333333,0.21638081868489584,1.0333333333333334,1,35.786155360515416,Normal
bob,2026-07-10,15,6,0.45978260040283203,0.09352302551269531,3,3,1,13.3,0.3794918378194173,1.9333333333333333,1.6999999999999993,0.08029076258341472,1.0666666666666667,1,35.22191823120704,Normal
charlie,2026-07-27,6,3,0.0947885513305664,0.025882720947265625,0,0,0,12.633333333333333,0.3254096031188965,1.3666666666666667,-6.633333333333333,-0.2306210517883301,-1.3666666666666667,1,34.92059684913196,Normal
grace,2026-07-26,13,6,0.7304697036743164,0.1874980926513672,4,4,1,13.866666666666667,0.4211228052775065,1.9666666666666666,-0.8666666666666671,0.3093468983968099,2.033333333333333,1,34.761241045809186,Normal
frank,2026-07-07,7,4,0.08904170989990234,0.018210411071777344,0,0,0,12.0,0.3260814666748047,1.3,-5.0,-0.23703975677490235,-1.3,1,34.71463537570031,Normal
henry,2026-07-14,15,7,0.5557785034179688,0.14810943603515625,4,4,1,12.733333333333333,0.3987883567810059,2.033333333333333,2.2666666666666675,0.15699014663696287,1.9666666666666668,1,34.69164831012039,Normal
bob,2026-07-21,16,5,0.5331106185913086,0.14401626586914062,4,4,1,13.3,0.3794918378194173,1.9333333333333333,2.6999999999999993,0.15361878077189128,2.0666666666666664,1,34.570087863255324,Normal
frank,2026-07-20,16,5,0.5784177780151367,0.12883567810058594,3,3,1,12.0,0.3260814666748047,1.3,4.0,0.252336311340332,1.7,1,34.41580006359305,Normal
bob,2026-07-20,16,7,0.45830821990966797,0.17512035369873047,3,3,1,13.3,0.3794918378194173,1.9333333333333333,2.6999999999999993,0.07881638209025066,1.0666666666666667,1,34.108026309411756,Normal
david,2026-06-30,14,6,0.2200460433959961,0.061280250549316406,2,2,1,11.1,0.31158746083577477,1.4,2.9000000000000004,-0.09154141743977867,0.6000000000000001,1,33.57714444797048,Normal
grace,2026-07-08,15,5,0.25458431243896484,0.054637908935546875,2,2,1,13.866666666666667,0.4211228052775065,1.9666666666666666,1.1333333333333329,-0.16653849283854166,0.03333333333333344,1,33.30884056263995,Normal
david,2026-07-12,7,3,0.07746219635009766,0.020870208740234375,0,0,0,11.1,0.31158746083577477,1.4,-4.1,-0.2341252644856771,-1.4,1,33.19364439984391,Normal
charlie,2026-07-09,16,4,0.2625436782836914,0.02794647216796875,0,0,0,12.633333333333333,0.3254096031188965,1.3666666666666667,3.366666666666667,-0.06286592483520509,-1.3666666666666667,1,33.02077561083952,Normal
bob,2026-07-05,12,7,0.45515918731689453,0.15094757080078125,3,3,1,13.3,0.3794918378194173,1.9333333333333333,-1.3000000000000007,0.07566734949747722,1.0666666666666667,1,32.84875315694924,Normal
charlie,2026-07-23,16,5,0.6157083511352539,0.1559152603149414,3,3,1,12.633333333333333,0.3254096031188965,1.3666666666666667,3.366666666666667,0.2902987480163574,1.6333333333333333,1,32.35605039243357,Normal
emma,2026-07-14,15,4,0.17686843872070312,0.023700714111328125,0,0,0,11.733333333333333,0.30829159418741864,1.2666666666666666,3.2666666666666675,-0.1314231554667155,-1.2666666666666666,1,31.66663059277117,Normal
frank,2026-07-18,13,7,0.4849586486816406,0.13998126983642578,3,3,1,12.0,0.3260814666748047,1.3,1.0,0.15887718200683593,1.7,1,31.29179144548633,Normal
alice,2026-07-07,20,5,0.35230541229248047,0.10399436950683594,1,1,1,12.633333333333333,0.30073706309000653,1.1666666666666667,7.366666666666667,0.05156834920247394,-0.16666666666666674,1,31.04505561442017,Normal
alice,2026-07-27,20,5,0.3453664779663086,0.12580299377441406,1,1,1,12.633333333333333,0.30073706309000653,1.1666666666666667,7.366666666666667,0.044629414876302065,-0.16666666666666674,1,30.680469210934568,Normal
henry,2026-07-03,10,6,0.25041675567626953,0.0787057876586914,2,2,1,12.733333333333333,0.3987883567810059,2.033333333333333,-2.7333333333333325,-0.14837160110473635,-0.033333333333333215,1,29.70665561409315,Normal
david,2026-07-26,17,5,0.5647106170654297,0.18588924407958984,2,2,1,11.1,0.31158746083577477,1.4,5.9,0.2531231562296549,0.6000000000000001,1,29.421177427384134,Normal
bob,2026-07-26,9,3,0.12475299835205078,0.027337074279785156,0,0,0,13.3,0.3794918378194173,1.9333333333333333,-4.300000000000001,-0.25473883946736653,-1.9333333333333333,1,29.230067545678857,Normal
frank,2026-07-10,17,6,0.3586864471435547,0.06637763977050781,2,2,1,12.0,0.3260814666748047,1.3,5.0,0.03260498046874999,0.7,1,28.831225798334064,Normal
emma,2026-07-05,6,3,0.09602832794189453,0.024784088134765625,0,0,0,11.733333333333333,0.30829159418741864,1.2666666666666666,-5.7333333333333325,-0.2122632662455241,-1.2666666666666666,1,28.63642698140238,Normal
henry,2026-07-21,13,6,0.6723155975341797,0.16499805450439453,4,4,1,12.733333333333333,0.3987883567810059,2.033333333333333,0.2666666666666675,0.2735272407531738,1.9666666666666668,1,28.615224830475082,Normal
emma,2026-07-12,17,5,0.30249691009521484,0.05465126037597656,1,1,1,11.733333333333333,0.30829159418741864,1.2666666666666666,5.2666666666666675,-0.0057946840922037945,-0.2666666666666666,1,27.481183427657253,Normal
henry,2026-06-29,8,5,0.2962608337402344,0.1055755615234375,2,2,1,12.733333333333333,0.3987883567810059,2.033333333333333,-4.7333333333333325,-0.1025275230407715,-0.033333333333333215,1,27.322853499032007,Normal
david,2026-07-10,14,4,0.20388507843017578,0.028016090393066406,0,0,0,11.1,0.31158746083577477,1.4,2.9000000000000004,-0.10770238240559898,-1.4,1,27.02641728438357,Normal
david,2026-07-02,12,5,0.5307483673095703,0.13201904296875,3,3,1,11.1,0.31158746083577477,1.4,0.9000000000000004,0.21916090647379555,1.6,1,26.833325062376222,Normal
david,2026-07-19,14,6,0.40341663360595703,0.11808967590332031,3,3,1,11.1,0.31158746083577477,1.4,2.9000000000000004,0.09182917277018227,1.6,1,26.67270013551606,Normal
emma,2026-06-28,9,4,0.33765697479248047,0.18631839752197266,1,1,1,11.733333333333333,0.30829159418741864,1.2666666666666666,-2.7333333333333325,0.02936538060506183,-0.2666666666666666,1,26.50164702804434,Normal
grace,2026-07-25,10,6,0.4388113021850586,0.18623828887939453,2,2,1,13.866666666666667,0.4211228052775065,1.9666666666666666,-3.866666666666667,0.017688496907552087,0.03333333333333344,1,26.24845066043193,Normal
henry,2026-06-28,11,5,0.48838233947753906,0.17630577087402344,3,3,1,12.733333333333333,0.3987883567810059,2.033333333333333,-1.7333333333333325,0.08959398269653318,0.9666666666666668,1,26.20171254579343,Normal
david,2026-07-05,7,4,0.28301525115966797,0.18993663787841797,1,1,1,11.1,0.31158746083577477,1.4,-4.1,-0.028572209676106797,-0.3999999999999999,1,26.195595379114568,Normal
henry,2026-07-09,9,6,0.5155305862426758,0.1832752227783203,3,3,1,12.733333333333333,0.3987883567810059,2.033333333333333,-3.7333333333333325,0.1167422294616699,0.9666666666666668,1,25.849515484255775,Normal
emma,2026-07-06,10,6,0.5057268142700195,0.18662261962890625,3,3,1,11.733333333333333,0.30829159418741864,1.2666666666666666,-1.7333333333333325,0.1974352200826009,1.7333333333333334,1,25.38557618650859,Normal
alice,2026-07-12,16,6,0.5824184417724609,0.18585872650146484,2,2,1,12.633333333333333,0.30073706309000653,1.1666666666666667,3.366666666666667,0.2816813786824544,0.8333333333333333,1,25.335889871770895,Normal
alice,2026-07-03,7,4,0.15215778350830078,0.08199214935302734,1,1,1,12.633333333333333,0.30073706309000653,1.1666666666666667,-5.633333333333333,-0.14857927958170575,-0.16666666666666674,1,24.641121611205943,Normal
david,2026-07-08,12,6,0.6100578308105469,0.1871175765991211,4,4,1,11.1,0.31158746083577477,1.4,0.9000000000000004,0.2984703699747721,2.6,1,24.59891722258591,Normal
henry,2026-07-11,8,4,0.11563873291015625,0.026096343994140625,0,0,0,12.733333333333333,0.3987883567810059,2.033333333333333,-4.7333333333333325,-0.28314962387084963,-2.033333333333333,1,24.59688630982653,Normal
bob,2026-07-09,13,6,0.5263509750366211,0.1701364517211914,4,4,1,13.3,0.3794918378194173,1.9333333333333333,-0.3000000000000007,0.14685913721720378,2.0666666666666664,1,24.57665233742659,Normal
grace,2026-07-04,10,5,0.19810771942138672,0.050683021545410156,1,1,1,13.866666666666667,0.4211228052775065,1.9666666666666666,-3.866666666666667,-0.2230150858561198,-0.9666666666666666,1,24.538400824627487,Normal
bob,2026-07-17,15,6,0.6282281875610352,0.18569660186767578,4,4,1,13.3,0.3794918378194173,1.9333333333333333,1.6999999999999993,0.24873634974161785,2.0666666666666664,1,24.41736737348677,Normal
emma,2026-07-22,14,6,0.6347990036010742,0.18591022491455078,3,3,1,11.733333333333333,0.30829159418741864,1.2666666666666666,2.2666666666666675,0.3265074094136556,1.7333333333333334,1,24.387715577857826,Normal
grace,2026-07-01,10,4,0.3257780075073242,0.18149757385253906,1,1,1,13.866666666666667,0.4211228052775065,1.9666666666666666,-3.866666666666667,-0.09534479777018229,-0.9666666666666666,1,24.29391300711183,Normal
henry,2026-07-22,12,5,0.45084095001220703,0.14211273193359375,3,3,1,12.733333333333333,0.3987883567810059,2.033333333333333,-0.7333333333333325,0.05205259323120115,0.9666666666666668,1,24.245855497964406,Normal
charlie,2026-07-10,11,3,0.1579446792602539,0.02354907989501953,0,0,0,12.633333333333333,0.3254096031188965,1.3666666666666667,-1.6333333333333329,-0.1674649238586426,-1.3666666666666667,1,24.177434592525174,Normal
david,2026-07-24,12,4,0.4589357376098633,0.18358612060546875,2,2,1,11.1,0.31158746083577477,1.4,0.9000000000000004,0.14734827677408852,0.6000000000000001,1,24.024748616402107,Normal
frank,2026-06-28,11,3,0.14725208282470703,0.02764606475830078,0,0,0,12.0,0.3260814666748047,1.3,-1.0,-0.17882938385009767,-1.3,1,23.84992848327897,Normal
grace,2026-07-14,9,5,0.2893095016479492,0.12708759307861328,2,2,1,13.866666666666667,0.4211228052775065,1.9666666666666666,-4.866666666666667,-0.1318133036295573,0.03333333333333344,1,23.68361246982975,Normal
henry,2026-07-19,9,6,0.34037303924560547,0.11714553833007812,2,2,1,12.733333333333333,0.3987883567810059,2.033333333333333,-3.7333333333333325,-0.05841531753540041,-0.033333333333333215,1,23.64694063993107,Normal
charlie,2026-07-08,8,5,0.1471576690673828,0.04856681823730469,1,1,1,12.633333333333333,0.3254096031188965,1.3666666666666667,-4.633333333333333,-0.17825193405151368,-0.3666666666666667,1,23.55636258937873,Normal
bob,2026-07-06,17,6,0.397186279296875,0.07502365112304688,2,2,1,13.3,0.3794918378194173,1.9333333333333333,3.6999999999999993,0.01769444147745769,0.06666666666666665,1,23.476061169689803,Normal
david,2026-07-13,8,5,0.3974123001098633,0.1833362579345703,2,2,1,11.1,0.31158746083577477,1.4,-3.0999999999999996,0.08582483927408852,0.6000000000000001,1,23.16848955807636,Normal
frank,2026-07-22,17,5,0.33725833892822266,0.08545875549316406,2,2,1,12.0,0.3260814666748047,1.3,5.0,0.011176872253417958,0.7,1,22.905721807607197,Normal
charlie,2026-07-25,10,6,0.40732669830322266,0.15163326263427734,3,3,1,12.633333333333333,0.3254096031188965,1.3666666666666667,-2.633333333333333,0.08191709518432616,1.6333333333333333,1,22.857567591613485,Normal
alice,2026-07-18,11,6,0.5240726470947266,0.14387893676757812,3,3,1,12.633333333333333,0.30073706309000653,1.1666666666666667,-1.6333333333333329,0.22333558400472003,1.8333333333333333,1,22.744180123964266,Normal
frank,2026-07-21,16,6,0.5591602325439453,0.18813705444335938,2,2,1,12.0,0.3260814666748047,1.3,4.0,0.23307876586914061,0.7,1,22.463900030963988,Normal
bob,2026-07-12,9,5,0.2671623229980469,0.11216926574707031,2,2,1,13.3,0.3794918378194173,1.9333333333333333,-4.300000000000001,-0.11232951482137044,0.06666666666666665,1,22.26978649463158,Normal
charlie,2026-07-03,9,4,0.1490163803100586,0.06039714813232422,1,1,1,12.633333333333333,0.3254096031188965,1.3666666666666667,-3.633333333333333,-0.1763932228088379,-0.3666666666666667,1,21.590568778648514,Normal
charlie,2026-07-20,11,6,0.42652320861816406,0.15741252899169922,3,3,1,12.633333333333333,0.3254096031188965,1.3666666666666667,-1.6333333333333329,0.10111360549926757,1.6333333333333333,1,21.190343146826084,Normal
grace,2026-07-18,8,5,0.25626659393310547,0.1745738983154297,1,1,1,13.866666666666667,0.4211228052775065,1.9666666666666666,-5.866666666666667,-0.16485621134440104,-0.9666666666666666,1,21.06634927231341,Normal
frank,2026-07-08,9,4,0.16515541076660156,0.04819488525390625,1,1,1,12.0,0.3260814666748047,1.3,-3.0,-0.16092605590820314,-0.30000000000000004,1,20.980877339994468,Normal
charlie,2026-07-22,16,5,0.4472465515136719,0.18535995483398438,1,1,1,12.633333333333333,0.3254096031188965,1.3666666666666667,3.366666666666667,0.12183694839477538,-0.3666666666666667,1,20.846405724559407,Normal
bob,2026-07-01,11,6,0.5547952651977539,0.18250465393066406,3,3,1,13.3,0.3794918378194173,1.9333333333333333,-2.3000000000000007,0.1753034273783366,1.0666666666666667,1,20.842921594265235,Normal
henry,2026-07-23,10,4,0.2775115966796875,0.18395328521728516,1,1,1,12.733333333333333,0.3987883567810059,2.033333333333333,-2.7333333333333325,-0.12127676010131838,-1.0333333333333332,1,20.754504672517356,Normal
frank,2026-07-23,7,5,0.1639566421508789,0.06769943237304688,1,1,1,12.0,0.3260814666748047,1.3,-5.0,-0.1621248245239258,-0.30000000000000004,1,20.39116297533522,Normal
charlie,2026-06-30,11,6,0.27776432037353516,0.09473896026611328,2,2,1,12.633333333333333,0.3254096031188965,1.3666666666666667,-1.6333333333333329,-0.04764528274536134,0.6333333333333333,1,19.625276536896006,Normal
frank,2026-07-04,8,3,0.13205814361572266,0.027001380920410156,0,0,0,12.0,0.3260814666748047,1.3,-4.0,-0.19402332305908204,-1.3,1,19.522275257050847,Normal
bob,2026-07-14,11,4,0.2316122055053711,0.028142929077148438,0,0,0,13.3,0.3794918378194173,1.9333333333333333,-2.3000000000000007,-0.14787963231404622,-1.9333333333333333,1,19.349399446106908,Normal
bob,2026-07-13,18,5,0.45487117767333984,0.12430763244628906,2,2,1,13.3,0.3794918378194173,1.9333333333333333,4.699999999999999,0.07537933985392253,0.06666666666666665,1,18.992748867300673,Normal
emma,2026-07-01,8,3,0.12511444091796875,0.02398204803466797,0,0,0,11.733333333333333,0.30829159418741864,1.2666666666666666,-3.7333333333333325,-0.1831771532694499,-1.2666666666666666,1,18.747117698231655,Normal
bob,2026-07-15,13,4,0.18619918823242188,0.024354934692382812,0,0,0,13.3,0.3794918378194173,1.9333333333333333,-0.3000000000000007,-0.19329264958699544,-1.9333333333333333,1,18.742395115790693,Normal
david,2026-07-16,13,4,0.15259265899658203,0.02625274658203125,0,0,0,11.1,0.31158746083577477,1.4,1.9000000000000004,-0.15899480183919273,-1.4,1,18.22431809314358,Normal
frank,2026-07-19,15,5,0.4151420593261719,0.19012165069580078,1,1,1,12.0,0.3260814666748047,1.3,3.0,0.08906059265136718,-0.30000000000000004,1,18.065612255869034,Normal
charlie,2026-07-12,17,5,0.40711402893066406,0.18348121643066406,1,1,1,12.633333333333333,0.3254096031188965,1.3666666666666667,4.366666666666667,0.08170442581176757,-0.3666666666666667,1,18.043556616627924,Normal
alice,2026-07-22,10,4,0.10752391815185547,0.02045726776123047,0,0,0,12.633333333333333,0.30073706309000653,1.1666666666666667,-2.633333333333333,-0.19321314493815106,-1.1666666666666667,1,18.02821203105653,Normal
emma,2026-07-25,10,6,0.3751544952392578,0.18845367431640625,2,2,1,11.733333333333333,0.30829159418741864,1.2666666666666666,-1.7333333333333325,0.06686290105183917,0.7333333333333334,1,17.928610243855914,Normal
emma,2026-07-26,9,6,0.35499000549316406,0.13945960998535156,2,2,1,11.733333333333333,0.30829159418741864,1.2666666666666666,-2.7333333333333325,0.046698411305745424,0.7333333333333334,1,17.901730461420673,Normal
frank,2026-07-11,12,6,0.5785160064697266,0.1896953582763672,3,3,1,12.0,0.3260814666748047,1.3,0.0,0.25243453979492186,1.7,1,17.774679983312335,Normal
charlie,2026-07-18,14,6,0.5957651138305664,0.15295886993408203,3,3,1,12.633333333333333,0.3254096031188965,1.3666666666666667,1.3666666666666671,0.2703555107116699,1.6333333333333333,1,17.688012828332802,Normal
frank,2026-07-06,16,5,0.41164112091064453,0.12906455993652344,1,1,1,12.0,0.3260814666748047,1.3,4.0,0.08555965423583983,-0.30000000000000004,1,17.29811858246258,Normal
alice,2026-07-19,12,4,0.1045083999633789,0.02223682403564453,0,0,0,12.633333333333333,0.30073706309000653,1.1666666666666667,-0.6333333333333329,-0.19622866312662762,-1.1666666666666667,1,17.1675295864347,Normal
emma,2026-07-10,11,4,0.19691181182861328,0.027906417846679688,0,0,0,11.733333333333333,0.30829159418741864,1.2666666666666666,-0.7333333333333325,-0.11137978235880536,-1.2666666666666666,1,17.076398332913865,Normal
grace,2026-07-23,12,4,0.16399192810058594,0.02334308624267578,0,0,0,13.866666666666667,0.4211228052775065,1.9666666666666666,-1.8666666666666671,-0.25713087717692057,-1.9666666666666666,1,16.745959717015577,Normal
david,2026-07-17,10,6,0.4387998580932617,0.17801761627197266,2,2,1,11.1,0.31158746083577477,1.4,-1.0999999999999996,0.12721239725748695,0.6000000000000001,1,16.566701533232337,Normal
alice,2026-07-08,15,6,0.5928535461425781,0.16866111755371094,3,3,1,12.633333333333333,0.30073706309000653,1.1666666666666667,2.366666666666667,0.2921164830525716,1.8333333333333333,1,16.566085607062146,Normal
bob,2026-06-30,12,5,0.31786441802978516,0.08020687103271484,2,2,1,13.3,0.3794918378194173,1.9333333333333333,-1.3000000000000007,-0.061627419789632154,0.06666666666666665,1,16.15938514482767,Normal
grace,2026-07-07,17,6,0.5207414627075195,0.1431283950805664,2,2,1,13.866666666666667,0.4211228052775065,1.9666666666666666,3.133333333333333,0.09961865743001302,0.03333333333333344,1,15.98544261176563,Normal
henry,2026-07-01,17,5,0.31105709075927734,0.09393978118896484,1,1,1,12.733333333333333,0.3987883567810059,2.033333333333333,4.2666666666666675,-0.08773126602172854,-1.0333333333333332,1,15.807149569450765,Normal
grace,2026-07-10,18,5,0.4757537841796875,0.16931819915771484,2,2,1,13.866666666666667,0.4211228052775065,1.9666666666666666,4.133333333333333,0.05463097890218099,0.03333333333333344,1,15.793976526059883,Normal
david,2026-07-20,9,5,0.3878288269042969,0.14628314971923828,2,2,1,11.1,0.31158746083577477,1.4,-2.0999999999999996,0.07624136606852211,0.6000000000000001,1,15.778844463089403,Normal
frank,2026-07-01,12,4,0.23122882843017578,0.06312274932861328,1,1,1,12.0,0.3260814666748047,1.3,0.0,-0.09485263824462892,-0.30000000000000004,1,15.598193527024781,Normal
alice,2026-07-09,7,5,0.23270893096923828,0.13230514526367188,1,1,1,12.633333333333333,0.30073706309000653,1.1666666666666667,-5.633333333333333,-0.06802813212076825,-0.16666666666666674,1,15.580233151138618,Normal
charlie,2026-07-05,16,5,0.27381229400634766,0.05447578430175781,1,1,1,12.633333333333333,0.3254096031188965,1.3666666666666667,3.366666666666667,-0.05159730911254884,-0.3666666666666667,1,15.55596419428845,Normal
emma,2026-07-04,15,5,0.3560514450073242,0.0825958251953125,2,2,1,11.733333333333333,0.30829159418741864,1.2666666666666666,3.2666666666666675,0.04775985081990558,0.7333333333333334,1,14.989649986652076,Normal
grace,2026-06-29,13,4,0.30253124237060547,0.13466548919677734,1,1,1,13.866666666666667,0.4211228052775065,1.9666666666666666,-0.8666666666666671,-0.11859156290690104,-0.9666666666666666,1,14.905793444392689,Normal
frank,2026-07-03,16,5,0.41753101348876953,0.18061161041259766,1,1,1,12.0,0.3260814666748047,1.3,4.0,0.09144954681396483,-0.30000000000000004,1,14.680336663092064,Normal
emma,2026-07-08,11,5,0.25293827056884766,0.10415458679199219,2,2,1,11.733333333333333,0.30829159418741864,1.2666666666666666,-0.7333333333333325,-0.05535332361857098,0.7333333333333334,1,14.614463127948746,Normal
alice,2026-07-16,12,6,0.5521030426025391,0.17795562744140625,3,3,1,12.633333333333333,0.30073706309000653,1.1666666666666667,-0.6333333333333329,0.25136597951253253,1.8333333333333333,1,14.43355062490429,Normal
bob,2026-07-04,16,6,0.4264640808105469,0.18488407135009766,2,2,1,13.3,0.3794918378194173,1.9333333333333333,2.6999999999999993,0.046972242991129565,0.06666666666666665,1,14.379009434266846,Normal
grace,2026-07-06,14,6,0.5890493392944336,0.16356468200683594,3,3,1,13.866666666666667,0.4211228052775065,1.9666666666666666,0.13333333333333286,0.1679265340169271,1.0333333333333334,1,14.168311803907882,Normal
frank,2026-07-27,14,6,0.5652027130126953,0.1888284683227539,3,3,1,12.0,0.3260814666748047,1.3,2.0,0.23912124633789061,1.7,1,14.140684173896616,Normal
david,2026-06-29,7,5,0.22234249114990234,0.10145950317382812,1,1,1,11.1,0.31158746083577477,1.4,-4.1,-0.08924496968587242,-0.3999999999999999,1,14.117029423788804,Normal
frank,2026-07-24,13,5,0.5276050567626953,0.183074951171875,2,2,1,12.0,0.3260814666748047,1.3,1.0,0.20152359008789061,0.7,1,14.050288374032446,Normal
charlie,2026-07-13,16,6,0.38007450103759766,0.09681224822998047,2,2,1,12.633333333333333,0.3254096031188965,1.3666666666666667,3.366666666666667,0.05466489791870116,0.6333333333333333,1,13.987207339413022,Normal
henry,2026-07-18,15,6,0.3592815399169922,0.14488506317138672,2,2,1,12.733333333333333,0.3987883567810059,2.033333333333333,2.2666666666666675,-0.039506816864013694,-0.033333333333333215,1,13.902692768019232,Normal
bob,2026-07-08,16,5,0.33397865295410156,0.06769275665283203,1,1,1,13.3,0.3794918378194173,1.9333333333333333,2.6999999999999993,-0.04551318486531575,-0.9333333333333333,1,13.764334921867901,Normal
charlie,2026-07-26,17,5,0.4372520446777344,0.1828756332397461,2,2,1,12.633333333333333,0.3254096031188965,1.3666666666666667,4.366666666666667,0.11184244155883788,0.6333333333333333,1,13.719911275230567,Normal
grace,2026-07-22,12,4,0.18327808380126953,0.02788066864013672,0,0,0,13.866666666666667,0.4211228052775065,1.9666666666666666,-1.8666666666666671,-0.23784472147623698,-1.9666666666666666,1,13.381334707919681,Normal
charlie,2026-07-04,9,4,0.10456371307373047,0.022603988647460938,0,0,0,12.633333333333333,0.3254096031188965,1.3666666666666667,-3.633333333333333,-0.22084589004516603,-1.3666666666666667,1,13.155471102063505,Normal
emma,2026-07-23,11,4,0.1824197769165039,0.02823925018310547,0,0,0,11.733333333333333,0.30829159418741864,1.2666666666666666,-0.7333333333333325,-0.12587181727091473,-1.2666666666666666,1,13.149832275218143,Normal
emma,2026-06-30,16,5,0.3754396438598633,0.1724863052368164,1,1,1,11.733333333333333,0.30829159418741864,1.2666666666666666,4.2666666666666675,0.06714804967244464,-0.2666666666666666,1,13.145688140091599,Normal
charlie,2026-07-01,16,6,0.4633169174194336,0.18997859954833984,2,2,1,12.633333333333333,0.3254096031188965,1.3666666666666667,3.366666666666667,0.1379073143005371,0.6333333333333333,1,13.030584606757618,Normal
henry,2026-07-17,15,5,0.2775306701660156,0.048232078552246094,1,1,1,12.733333333333333,0.3987883567810059,2.033333333333333,2.2666666666666675,-0.12125768661499026,-1.0333333333333332,1,12.867724107334395,Normal
henry,2026-07-08,15,6,0.3907051086425781,0.1022796630859375,2,2,1,12.733333333333333,0.3987883567810059,2.033333333333333,2.2666666666666675,-0.008083248138427757,-0.033333333333333215,1,12.853908129592462,Normal
alice,2026-07-25,8,5,0.21630859375,0.11434268951416016,1,1,1,12.633333333333333,0.30073706309000653,1.1666666666666667,-4.633333333333333,-0.08442846934000653,-0.16666666666666674,1,12.686518152118555,Normal
charlie,2026-07-17,11,6,0.32929229736328125,0.1240701675415039,2,2,1,12.633333333333333,0.3254096031188965,1.3666666666666667,-1.6333333333333329,0.0038826942443847545,0.6333333333333333,1,12.398263963858561,Normal
bob,2026-07-25,14,6,0.5628776550292969,0.17544174194335938,3,3,1,13.3,0.3794918378194173,1.9333333333333333,0.6999999999999993,0.18338581720987956,1.0666666666666667,1,12.259259441203463,Normal
alice,2026-07-24,15,5,0.23604774475097656,0.051753997802734375,1,1,1,12.633333333333333,0.30073706309000653,1.1666666666666667,2.366666666666667,-0.06468931833902997,-0.16666666666666674,1,12.228767472219513,Normal
david,2026-07-21,15,5,0.22220611572265625,0.07795238494873047,1,1,1,11.1,0.31158746083577477,1.4,3.9000000000000004,-0.08938134511311852,-0.3999999999999999,1,12.168000956481663,Normal
emma,2026-07-21,7,4,0.10457420349121094,0.025896072387695312,0,0,0,11.733333333333333,0.30829159418741864,1.2666666666666666,-4.7333333333333325,-0.2037173906962077,-1.2666666666666666,1,12.08659939553993,Normal
alice,2026-07-13,16,5,0.36266422271728516,0.16734600067138672,1,1,1,12.633333333333333,0.30073706309000653,1.1666666666666667,3.366666666666667,0.06192715962727863,-0.16666666666666674,1,12.043379815451809,Normal
alice,2026-06-29,16,6,0.40603160858154297,0.1234445571899414,2,2,1,12.633333333333333,0.30073706309000653,1.1666666666666667,3.366666666666667,0.10529454549153644,0.8333333333333333,1,11.98910670727587,Normal
david,2026-07-06,9,5,0.174530029296875,0.0751810073852539,1,1,1,11.1,0.31158746083577477,1.4,-2.0999999999999996,-0.13705743153889977,-0.3999999999999999,1,11.94511494715551,Normal
grace,2026-06-28,16,5,0.3947582244873047,0.13838768005371094,1,1,1,13.866666666666667,0.4211228052775065,1.9666666666666666,2.133333333333333,-0.02636458079020182,-0.9666666666666666,1,11.626328538608158,Normal
emma,2026-07-17,11,6,0.43892574310302734,0.1694812774658203,2,2,1,11.733333333333333,0.30829159418741864,1.2666666666666666,-0.7333333333333325,0.1306341489156087,0.7333333333333334,1,11.391792915880233,Normal
grace,2026-06-30,15,6,0.42008399963378906,0.13270092010498047,2,2,1,13.866666666666667,0.4211228052775065,1.9666666666666666,1.1333333333333329,-0.0010388056437174442,0.03333333333333344,1,10.930468032378354,Normal
henry,2026-07-27,9,5,0.22687435150146484,0.12624263763427734,1,1,1,12.733333333333333,0.3987883567810059,2.033333333333333,-3.7333333333333325,-0.17191400527954104,-1.0333333333333332,1,10.881436655079659,Normal
bob,2026-07-19,12,5,0.3615741729736328,0.1870441436767578,1,1,1,13.3,0.3794918378194173,1.9333333333333333,-1.3000000000000007,-0.017917664845784498,-0.9333333333333333,1,10.77949850120393,Normal
bob,2026-07-27,12,4,0.13873672485351562,0.025829315185546875,0,0,0,13.3,0.3794918378194173,1.9333333333333333,-1.3000000000000007,-0.24075511296590169,-1.9333333333333333,1,10.711318043710156,Normal
charlie,2026-07-19,13,5,0.4956808090209961,0.1880807876586914,2,2,1,12.633333333333333,0.3254096031188965,1.3666666666666667,0.36666666666666714,0.1702712059020996,0.6333333333333333,1,10.611714281321902,Normal
bob,2026-07-02,15,5,0.5151004791259766,0.1585407257080078,2,2,1,13.3,0.3794918378194173,1.9333333333333333,1.6999999999999993,0.13560864130655925,0.06666666666666665,1,10.519531031215756,Normal
david,2026-07-03,9,5,0.1851034164428711,0.09184074401855469,1,1,1,11.1,0.31158746083577477,1.4,-2.0999999999999996,-0.12648404439290367,-0.3999999999999999,1,10.476344738082723,Normal
henry,2026-07-24,11,4,0.17992496490478516,0.027039527893066406,0,0,0,12.733333333333333,0.3987883567810059,2.033333333333333,-1.7333333333333325,-0.21886339187622073,-2.033333333333333,1,10.181733858873642,Normal
henry,2026-07-15,16,5,0.285888671875,0.1277914047241211,1,1,1,12.733333333333333,0.3987883567810059,2.033333333333333,3.2666666666666675,-0.11289968490600588,-1.0333333333333332,1,10.170345137321899,Normal
emma,2026-07-07,11,5,0.18068408966064453,0.05346870422363281,1,1,1,11.733333333333333,0.30829159418741864,1.2666666666666666,-0.7333333333333325,-0.1276075045267741,-0.2666666666666666,1,10.075233090284511,Normal
henry,2026-07-06,12,4,0.16000652313232422,0.026879310607910156,0,0,0,12.733333333333333,0.3987883567810059,2.033333333333333,-0.7333333333333325,-0.23878183364868166,-2.033333333333333,1,9.997527351541361,Normal
frank,2026-07-17,12,5,0.33241939544677734,0.10123157501220703,2,2,1,12.0,0.3260814666748047,1.3,0.0,0.006337928771972645,0.7,1,9.962708283231077,Normal
grace,2026-07-05,10,5,0.25131797790527344,0.11827468872070312,1,1,1,13.866666666666667,0.4211228052775065,1.9666666666666666,-3.866666666666667,-0.16980482737223307,-0.9666666666666666,1,9.846176967941135,Normal
emma,2026-07-19,8,4,0.14262008666992188,0.02851104736328125,0,0,0,11.733333333333333,0.30829159418741864,1.2666666666666666,-3.7333333333333325,-0.16567150751749676,-1.2666666666666666,1,9.797488076207282,Normal
emma,2026-07-11,10,4,0.10753440856933594,0.02496337890625,0,0,0,11.733333333333333,0.30829159418741864,1.2666666666666666,-1.7333333333333325,-0.2007571856180827,-1.2666666666666666,1,9.676301562920466,Normal
frank,2026-07-26,12,4,0.13274860382080078,0.026976585388183594,0,0,0,12.0,0.3260814666748047,1.3,0.0,-0.19333286285400392,-1.3,1,9.597677805123437,Normal
frank,2026-06-29,8,4,0.1578197479248047,0.027818679809570312,0,0,0,12.0,0.3260814666748047,1.3,-4.0,-0.16826171875,-1.3,1,9.475545517337029,Normal
grace,2026-07-02,13,5,0.4400653839111328,0.17365074157714844,2,2,1,13.866666666666667,0.4211228052775065,1.9666666666666666,-0.8666666666666671,0.018942578633626306,0.03333333333333344,1,9.423925812132552,Normal
henry,2026-07-02,14,6,0.4930143356323242,0.18863487243652344,2,2,1,12.733333333333333,0.3987883567810059,2.033333333333333,1.2666666666666675,0.09422597885131834,-0.033333333333333215,1,9.39316496736738,Normal
charlie,2026-07-24,12,4,0.1552257537841797,0.023545265197753906,0,0,0,12.633333333333333,0.3254096031188965,1.3666666666666667,-0.6333333333333329,-0.1701838493347168,-1.3666666666666667,1,9.37278536994933,Normal
henry,2026-07-05,15,6,0.4133272171020508,0.11636829376220703,2,2,1,12.733333333333333,0.3987883567810059,2.033333333333333,2.2666666666666675,0.0145388603210449,-0.033333333333333215,1,9.332241508638745,Normal
david,2026-07-23,10,4,0.1162881851196289,0.028423309326171875,0,0,0,11.1,0.31158746083577477,1.4,-1.0999999999999996,-0.19529927571614586,-1.4,1,9.22742806801489,Normal
frank,2026-07-13,8,4,0.1564617156982422,0.027228355407714844,0,0,0,12.0,0.3260814666748047,1.3,-4.0,-0.1696197509765625,-1.3,1,9.137254423273612,Normal
charlie,2026-07-15,9,5,0.2251720428466797,0.07416534423828125,1,1,1,12.633333333333333,0.3254096031188965,1.3666666666666667,-3.633333333333333,-0.10023756027221681,-0.3666666666666667,1,9.089300712276822,Normal
david,2026-07-11,12,6,0.48578739166259766,0.1660623550415039,2,2,1,11.1,0.31158746083577477,1.4,0.9000000000000004,0.1741999308268229,0.6000000000000001,1,8.886436348357565,Normal
alice,2026-07-04,14,5,0.369537353515625,0.16687297821044922,1,1,1,12.633333333333333,0.30073706309000653,1.1666666666666667,1.3666666666666671,0.06880029042561847,-0.16666666666666674,1,8.708152232709645,Normal
frank,2026-07-16,8,4,0.11359786987304688,0.024435997009277344,0,0,0,12.0,0.3260814666748047,1.3,-4.0,-0.21248359680175782,-1.3,1,8.451664936232893,Normal
grace,2026-07-13,12,5,0.3373861312866211,0.1714468002319336,1,1,1,13.866666666666667,0.4211228052775065,1.9666666666666666,-1.8666666666666671,-0.08373667399088541,-0.9666666666666666,1,8.373175414879269,Normal
charlie,2026-07-21,12,6,0.4030904769897461,0.12104415893554688,2,2,1,12.633333333333333,0.3254096031188965,1.3666666666666667,-0.6333333333333329,0.0776808738708496,0.6333333333333333,1,8.328423326414534,Normal
frank,2026-07-14,12,5,0.38474559783935547,0.10649394989013672,2,2,1,12.0,0.3260814666748047,1.3,0.0,0.05866413116455077,0.7,1,8.316645094440629,Normal
emma,2026-07-15,11,5,0.17799854278564453,0.06433296203613281,1,1,1,11.733333333333333,0.30829159418741864,1.2666666666666666,-0.7333333333333325,-0.1302930514017741,-0.2666666666666666,1,8.151361618384483,Normal
david,2026-07-14,11,5,0.3686494827270508,0.16618061065673828,2,2,1,11.1,0.31158746083577477,1.4,-0.09999999999999964,0.057062021891276016,0.6000000000000001,1,8.134562490461173,Normal
alice,2026-07-20,8,4,0.11701202392578125,0.025533676147460938,0,0,0,12.633333333333333,0.30073706309000653,1.1666666666666667,-4.633333333333333,-0.18372503916422528,-1.1666666666666667,1,8.046852809485845,Normal
emma,2026-07-24,12,5,0.23067474365234375,0.04807758331298828,1,1,1,11.733333333333333,0.30829159418741864,1.2666666666666666,0.2666666666666675,-0.07761685053507489,-0.2666666666666666,1,7.845567546169444,Normal
david,2026-07-22,9,4,0.11577224731445312,0.024898529052734375,0,0,0,11.1,0.31158746083577477,1.4,-2.0999999999999996,-0.19581521352132164,-1.4,1,7.840543906031497,Normal
henry,2026-07-04,13,5,0.4051675796508789,0.17658615112304688,2,2,1,12.733333333333333,0.3987883567810059,2.033333333333333,0.2666666666666675,0.006379222869873025,-0.033333333333333215,1,7.823128115934266,Normal
david,2026-07-18,11,6,0.3792572021484375,0.1506481170654297,2,2,1,11.1,0.31158746083577477,1.4,-0.09999999999999964,0.06766974131266273,0.6000000000000001,1,7.6485724446055485,Normal
henry,2026-07-20,9,5,0.28996849060058594,0.13517379760742188,1,1,1,12.733333333333333,0.3987883567810059,2.033333333333333,-3.7333333333333325,-0.10881986618041994,-1.0333333333333332,1,7.522442246757727,Normal
alice,2026-07-26,11,5,0.22866344451904297,0.1673564910888672,1,1,1,12.633333333333333,0.30073706309000653,1.1666666666666667,-1.6333333333333329,-0.07207361857096356,-0.16666666666666674,1,7.4308185309528625,Normal
charlie,2026-07-02,12,5,0.29438304901123047,0.18216228485107422,1,1,1,12.633333333333333,0.3254096031188965,1.3666666666666667,-0.6333333333333329,-0.031026554107666027,-0.3666666666666667,1,7.365841036415802,Normal
grace,2026-07-15,15,5,0.4556741714477539,0.1429910659790039,2,2,1,13.866666666666667,0.4211228052775065,1.9666666666666666,1.1333333333333329,0.0345513661702474,0.03333333333333344,1,7.357394087091115,Normal
alice,2026-07-10,11,5,0.20680999755859375,0.054317474365234375,1,1,1,12.633333333333333,0.30073706309000653,1.1666666666666667,-1.6333333333333329,-0.09392706553141278,-0.16666666666666674,1,7.343683205884993,Normal
charlie,2026-07-07,15,6,0.47081661224365234,0.14941024780273438,2,2,1,12.633333333333333,0.3254096031188965,1.3666666666666667,2.366666666666667,0.14540700912475585,0.6333333333333333,1,7.159576512709062,Normal
david,2026-07-09,8,4,0.11355400085449219,0.02561187744140625,0,0,0,11.1,0.31158746083577477,1.4,-3.0999999999999996,-0.19803345998128258,-1.4,1,6.993002199351281,Normal
emma,2026-07-18,12,5,0.34448909759521484,0.13365459442138672,2,2,1,11.733333333333333,0.30829159418741864,1.2666666666666666,0.2666666666666675,0.036197503407796205,0.7333333333333334,1,6.889028863993967,Normal
grace,2026-07-21,14,5,0.367156982421875,0.16603565216064453,1,1,1,13.866666666666667,0.4211228052775065,1.9666666666666666,0.13333333333333286,-0.05396582285563151,-0.9666666666666666,1,6.857770871203122,Normal
charlie,2026-06-29,9,4,0.13649368286132812,0.02534198760986328,0,0,0,12.633333333333333,0.3254096031188965,1.3666666666666667,-3.633333333333333,-0.18891592025756837,-1.3666666666666667,1,6.340943449067722,Normal
grace,2026-07-19,14,6,0.4403095245361328,0.14318561553955078,2,2,1,13.866666666666667,0.4211228052775065,1.9666666666666666,0.13333333333333286,0.019186719258626306,0.03333333333333344,1,6.258804901595591,Normal
emma,2026-07-03,13,6,0.46289920806884766,0.1580657958984375,2,2,1,11.733333333333333,0.30829159418741864,1.2666666666666666,1.2666666666666675,0.15460761388142902,0.7333333333333334,1,6.09795918769317,Normal
grace,2026-07-11,14,6,0.49132251739501953,0.15261363983154297,2,2,1,13.866666666666667,0.4211228052775065,1.9666666666666666,0.13333333333333286,0.07019971211751302,0.03333333333333344,1,5.986067031291855,Normal
frank,2026-07-25,10,4,0.16405010223388672,0.027631759643554688,0,0,0,12.0,0.3260814666748047,1.3,-2.0,-0.16203136444091798,-1.3,1,5.929749645491059,Normal
alice,2026-07-05,11,4,0.12617015838623047,0.027919769287109375,0,0,0,12.633333333333333,0.30073706309000653,1.1666666666666667,-1.6333333333333329,-0.17456690470377606,-1.1666666666666667,1,5.804182859054176,Normal
alice,2026-07-06,15,5,0.29280662536621094,0.1425304412841797,1,1,1,12.633333333333333,0.30073706309000653,1.1666666666666667,2.366666666666667,-0.007930437723795591,-0.16666666666666674,1,5.789096389826082,Normal
emma,2026-07-27,14,5,0.3332710266113281,0.12640953063964844,1,1,1,11.733333333333333,0.30829159418741864,1.2666666666666666,2.2666666666666675,0.024979432423909487,-0.2666666666666666,1,5.649551980803167,Normal
bob,2026-07-07,13,5,0.38959693908691406,0.14241409301757812,2,2,1,13.3,0.3794918378194173,1.9333333333333333,-0.3000000000000007,0.010105101267496752,0.06666666666666665,1,5.5707252585065214,Normal
david,2026-06-28,10,5,0.215850830078125,0.10486030578613281,1,1,1,11.1,0.31158746083577477,1.4,-1.0999999999999996,-0.09573663075764977,-0.3999999999999999,1,5.491164787925712,Normal
david,2026-07-01,11,5,0.290924072265625,0.10167121887207031,1,1,1,11.1,0.31158746083577477,1.4,-0.09999999999999964,-0.020663388570149765,-0.3999999999999999,1,5.479515968009423,Normal
alice,2026-07-23,10,4,0.14049720764160156,0.02720165252685547,0,0,0,12.633333333333333,0.30073706309000653,1.1666666666666667,-2.633333333333333,-0.16023985544840497,-1.1666666666666667,1,5.415755085637728,Normal
emma,2026-07-13,10,5,0.27057361602783203,0.1554279327392578,1,1,1,11.733333333333333,0.30829159418741864,1.2666666666666666,-1.7333333333333325,-0.03771797815958661,-0.2666666666666666,1,5.3217044394973225,Normal
emma,2026-07-09,13,5,0.3102245330810547,0.17602252960205078,1,1,1,11.733333333333333,0.30829159418741864,1.2666666666666666,1.2666666666666675,0.0019329388936360492,-0.2666666666666666,1,5.211288181028552,Normal
alice,2026-06-28,14,5,0.24631977081298828,0.0767660140991211,1,1,1,12.633333333333333,0.30073706309000653,1.1666666666666667,1.3666666666666671,-0.05441729227701825,-0.16666666666666674,1,5.123449727667424,Normal
henry,2026-07-13,10,5,0.25741004943847656,0.13437461853027344,1,1,1,12.733333333333333,0.3987883567810059,2.033333333333333,-2.7333333333333325,-0.14137830734252932,-1.0333333333333332,1,5.071544134759945,Normal
alice,2026-07-11,10,5,0.2695159912109375,0.13851070404052734,1,1,1,12.633333333333333,0.30073706309000653,1.1666666666666667,-2.633333333333333,-0.03122107187906903,-0.16666666666666674,1,4.936603246905912,Normal
david,2026-07-27,12,6,0.38932228088378906,0.1469278335571289,2,2,1,11.1,0.31158746083577477,1.4,0.9000000000000004,0.0777348200480143,0.6000000000000001,1,4.855485973192454,Normal
frank,2026-07-09,12,6,0.4003267288208008,0.1566019058227539,2,2,1,12.0,0.3260814666748047,1.3,0.0,0.07424526214599608,0.7,1,4.78843568305321,Normal
alice,2026-07-01,11,4,0.13578128814697266,0.02756977081298828,0,0,0,12.633333333333333,0.30073706309000653,1.1666666666666667,-1.6333333333333329,-0.16495577494303387,-1.1666666666666667,1,4.757352302833677,Normal
charlie,2026-07-11,11,4,0.16546630859375,0.026926040649414062,0,0,0,12.633333333333333,0.3254096031188965,1.3666666666666667,-1.6333333333333329,-0.1599432945251465,-1.3666666666666667,1,4.734021519348444,Normal
alice,2026-07-17,12,5,0.19032001495361328,0.09031105041503906,1,1,1,12.633333333333333,0.30073706309000653,1.1666666666666667,-0.6333333333333329,-0.11041704813639325,-0.16666666666666674,1,4.731000503232696,Normal
bob,2026-07-22,14,5,0.2457132339477539,0.06797218322753906,1,1,1,13.3,0.3794918378194173,1.9333333333333333,0.6999999999999993,-0.1337786038716634,-0.9333333333333333,1,4.633521104061695,Normal
frank,2026-07-15,11,5,0.25313854217529297,0.07296371459960938,1,1,1,12.0,0.3260814666748047,1.3,-1.0,-0.07294292449951173,-0.30000000000000004,1,4.120425295404022,Normal
charlie,2026-06-28,14,5,0.34089088439941406,0.16042709350585938,1,1,1,12.633333333333333,0.3254096031188965,1.3666666666666667,1.3666666666666671,0.015481281280517567,-0.3666666666666667,1,3.845433627837397,Normal
grace,2026-07-27,13,5,0.3185539245605469,0.15425872802734375,1,1,1,13.866666666666667,0.4211228052775065,1.9666666666666666,-0.8666666666666671,-0.10256888071695963,-0.9666666666666666,1,3.5860947023320264,Normal
henry,2026-07-26,14,5,0.33888816833496094,0.1531229019165039,1,1,1,12.733333333333333,0.3987883567810059,2.033333333333333,1.2666666666666675,-0.059900188446044944,-1.0333333333333332,1,3.2594135809123728,Normal
grace,2026-07-17,14,5,0.29975318908691406,0.1424112319946289,1,1,1,13.866666666666667,0.4211228052775065,1.9666666666666666,0.13333333333333286,-0.12136961619059244,-0.9666666666666666,1,3.1583603300043888,Normal
bob,2026-06-29,14,5,0.25521183013916016,0.09608650207519531,1,1,1,13.3,0.3794918378194173,1.9333333333333333,0.6999999999999993,-0.12428000768025715,-0.9333333333333333,1,2.821561398526323,Normal
bob,2026-07-18,14,5,0.28873348236083984,0.0897226333618164,1,1,1,13.3,0.3794918378194173,1.9333333333333333,0.6999999999999993,-0.09075835545857747,-0.9333333333333333,1,2.7085666361017795,Normal
alice,2026-06-30,14,5,0.30942249298095703,0.1361398696899414,1,1,1,12.633333333333333,0.30073706309000653,1.1666666666666667,1.3666666666666671,0.008685429890950502,-0.16666666666666674,1,2.1519049421190832,Normal
henry,2026-07-16,11,5,0.2885713577270508,0.1392650604248047,1,1,1,12.733333333333333,0.3987883567810059,2.033333333333333,-1.7333333333333325,-0.1102169990539551,-1.0333333333333332,1,1.589234670326626,Normal
henry,2026-07-10,13,5,0.3020200729370117,0.12506866455078125,1,1,1,12.733333333333333,0.3987883567810059,2.033333333333333,0.2666666666666675,-0.09676828384399416,-1.0333333333333332,1,1.102969312575938,Normal
david,2026-07-25,11,5,0.2748394012451172,0.13222312927246094,1,1,1,11.1,0.31158746083577477,1.4,-0.09999999999999964,-0.03674805959065758,-0.3999999999999999,1,0.8993427745902061,Normal
bob,2026-07-16,14,5,0.30239105224609375,0.13899993896484375,1,1,1,13.3,0.3794918378194173,1.9333333333333333,0.6999999999999993,-0.07710078557332356,-0.9333333333333333,1,0.0,Normal
